from,to
/the/tertiary?those=BTYplleRNA&everyone=GpiXUPzn&never=JhRkqJJxxCJ,"/specialist/firstpoint,-inc."
/secured line/fact?anthology=MQVXHZ&me=eosxSXWrMsZ,/ensco/besides/distributed
/buildfax/indeed,/technician/orchestrator
/fly/balanced,/what?those=yrA
/ussearch/mango-transit/implementation,/liberty-mutual-insurance-cos./tendril
/right-sized/smartprocure,/manager
/clearhealthcosts/infrastructure/we,/functionalities?fact=iIughiWfjc&from=JmMAVIVGp
/metlife/coordinator,/each/kyruus/first?what=lVmmYLOv&other=jRKJnibj
/supervisor,/coordinator
/is,"/analyst/junar,-inc./6th generation"
/developer,/next/archive/national
/harris-corporation/avalara/openplans,/it/marketsense/t.-rowe-price
/analyst/all,/stand-alone/manager/benchmark
/to/designer?throughout=lum&of=ePBJzJB&positively=rBNPdkjDdpRC,/hellowallet
/supervisor/where/analyst,/agent
/array/locavore,/encryption?with=aMCIfyrYsS&justice=ZtQNSWobRUtl&such=HOe
/for/manager,/last
/encompassing,/manager/atlas-van-lines/lexisnexis
/caused/so/representative,/datamade/those/well
/graphical user interface,/programmableweb/trustedid
/enigma.io,/mint/verdafero?soon=NSmz
/hourly/ims-health?them=QNlCEwOZ&throughout=bpL,/liaison?pigeon=qoKtVaaz&themselves=LGUPOEl
/time/now/motivation?then=pPnrhOWsdp&me=dtJemDaEIS,/group/whom/yourself
/down-sized/multi-layered/engineer,/planner?why=yCp
/above,/orchestrator/intuitive/bottom-line?whom=lJDvsJAfjJV&hers=ZeqJFsZHI&troop=mwBrUz
/many/team-oriented,/incremental/seamless/3rd generation
/local/my,/lilly-open-innovation-drug-discovery/porch/administrator
/for/technician/alltuition,/yourselves
/amida-technology-solutions,/extended
/cross-platform,/next generation/right-sized?salt=jLlFQHM&sleep=LSsHAwz&your=iKgT
/fresh-thinking/associate?this=KKU&significant=QgVfhdt&would=sLkxDi,/officer
/furthermore/proactive,/analyst/army/director?terribly=UTYLX&climb=YLoyPio
/assistant/manager/discrete,/enervee-corporation
/he/lucid/beneath,/zonability/optuminsight
/supervisor?brother=xWwuSx,/any/encryption?did=zEbva&forest=pWrnrfGDvEax
/junyo/high-level?being=XOWwpk&next=vfIvVZmzsd&example=VXk,/non-volatile
/mercaris/who,/tomorrow